Workbook

Sheet movies
A1: movie_id | B1: title | C1: industry | D1: release_year | E1: imdb_rating | F1: studio | G1: language_id | H1: budget | I1: revenue | J1: unit | K1: currency | L1: actor_id | M1: name | N1: birth_year | O1: language_name
A2: 101 | B2: K.G.F: Chapter 2 | C2: Bollywood | D2: 2022 | E2: 8.4 | F2: Hombale Films | G2: 3 | H2: =INDEX(financials!A:E,MATCH(Movies[[#This Row],[movie_id]],Financials[[#All],[movie_id]],0),MATCH("budget",Financials[#Headers],0)) -> 1 | I2: =INDEX(financials!A:E,MATCH(Movies[[#This Row],[movie_id]],Financials[[#All],[movie_id]],0),MATCH("revenue",Financials[#Headers],0)) -> 12.5 | J2: =INDEX(financials!A:E,MATCH(Movies[[#This Row],[movie_id]],Financials[[#All],[movie_id]],0),MATCH("unit",Financials[#Headers],0)) -> Billions | K2: =INDEX(financials!A:E,MATCH(Movies[[#This Row],[movie_id]],Financials[[#All],[movie_id]],0),MATCH("currency",Financials[#Headers],0)) -> INR | L2: =INDEX(movie_actor!A:B,MATCH(Movies[[#This Row],[movie_id]],movie_actor!A:A,0),MATCH("actor_id",movieactor[#Headers],0)) -> 50 | M2: =INDEX(actors!A:C,MATCH(Movies[[#This Row],[actor_id]],actors[[#All],[actor_id]],0),MATCH("name",actors[#Headers],0)) -> Yash | N2: =INDEX(actors!A:C,MATCH(Movies[[#This Row],[actor_id]],actors[[#All],[actor_id]],0),MATCH("birth_year",actors[#Headers],0)) -> 1986 | O2: =INDEX(languages!A:B,MATCH(Movies[[#This Row],[language_id]],languages!A:A,0),MATCH("language_name",languages[#Headers],0)) -> Kannada
A3: 102 | B3: Doctor Strange in the Multiverse of Madness | C3: Hollywood | D3: 2022 | E3: 7 | F3: Marvel Studios | G3: 5 | H3: =INDEX(financials!A:E,MATCH(Movies[[#This Row],[movie_id]],Financials[[#All],[movie_id]],0),MATCH("budget",Financials[#Headers],0)) -> 200 | I3: =INDEX(financials!A:E,MATCH(Movies[[#This Row],[movie_id]],Financials[[#All],[movie_id]],0),MATCH("revenue",Financials[#Headers],0)) -> 954.8 | J3: =INDEX(financials!A:E,MATCH(Movies[[#This Row],[movie_id]],Financials[[#All],[movie_id]],0),MATCH("unit",Financials[#Headers],0)) -> Millions | K3: =INDEX(financials!A:E,MATCH(Movies[[#This Row],[movie_id]],Financials[[#All],[movie_id]],0),MATCH("currency",Financials[#Headers],0)) -> USD | L3: =INDEX(movie_actor!A:B,MATCH(Movies[[#This Row],[movie_id]],movie_actor!A:A,0),MATCH("actor_id",movieactor[#Headers],0)) -> 52 | M3: =INDEX(actors!A:C,MATCH(Movies[[#This Row],[actor_id]],actors[[#All],[actor_id]],0),MATCH("name",actors[#Headers],0)) -> Benedict Cumberbatch | N3: =INDEX(actors!A:C,MATCH(Movies[[#This Row],[actor_id]],actors[[#All],[actor_id]],0),MATCH("birth_year",actors[#Headers],0)) -> 1976 | O3: =INDEX(languages!A:B,MATCH(Movies[[#This Row],[language_id]],languages!A:A,0),MATCH("language_name",languages[#Headers],0)) -> English
A4: 103 | B4: Thor: The Dark World | C4: Hollywood | D4: 2013 | E4: 6.8 | F4: Marvel Studios | G4: 5 | H4: =INDEX(financials!A:E,MATCH(Movies[[#This Row],[movie_id]],Financials[[#All],[movie_id]],0),MATCH("budget",Financials[#Headers],0)) -> 165 | I4: =INDEX(financials!A:E,MATCH(Movies[[#This Row],[movie_id]],Financials[[#All],[movie_id]],0),MATCH("revenue",Financials[#Headers],0)) -> 644.8 | J4: =INDEX(financials!A:E,MATCH(Movies[[#This Row],[movie_id]],Financials[[#All],[movie_id]],0),MATCH("unit",Financials[#Headers],0)) -> Millions | K4: =INDEX(financials!A:E,MATCH(Movies[[#This Row],[movie_id]],Financials[[#All],[movie_id]],0),MATCH("currency",Financials[#Headers],0)) -> USD | L4: =INDEX(movie_actor!A:B,MATCH(Movies[[#This Row],[movie_id]],movie_actor!A:A,0),MATCH("actor_id",movieactor[#Headers],0)) -> 54 | M4: =INDEX(actors!A:C,MATCH(Movies[[#This Row],[actor_id]],actors[[#All],[actor_id]],0),MATCH("name",actors[#Headers],0)) -> Chris Hemsworth | N4: =INDEX(actors!A:C,MATCH(Movies[[#This Row],[actor_id]],actors[[#All],[actor_id]],0),MATCH("birth_year",actors[#Headers],0)) -> 1983 | O4: =INDEX(languages!A:B,MATCH(Movies[[#This Row],[language_id]],languages!A:A,0),MATCH("language_name",languages[#Headers],0)) -> English
A5: 104 | B5: Thor: Ragnarok | C5: Hollywood | D5: 2017 | E5: 7.9 | F5: Marvel Studios | G5: 5 | H5: =INDEX(financials!A:E,MATCH(Movies[[#This Row],[movie_id]],Financials[[#All],[movie_id]],0),MATCH("budget",Financials[#Headers],0)) -> 180 | I5: =INDEX(financials!A:E,MATCH(Movies[[#This Row],[movie_id]],Financials[[#All],[movie_id]],0),MATCH("revenue",Financials[#Headers],0)) -> 854 | J5: =INDEX(financials!A:E,MATCH(Movies[[#This Row],[movie_id]],Financials[[#All],[movie_id]],0),MATCH("unit",Financials[#Headers],0)) -> Millions | K5: =INDEX(financials!A:E,MATCH(Movies[[#This Row],[movie_id]],Financials[[#All],[movie_id]],0),MATCH("currency",Financials[#Headers],0)) -> USD | L5: =INDEX(movie_actor!A:B,MATCH(Movies[[#This Row],[movie_id]],movie_actor!A:A,0),MATCH("actor_id",movieactor[#Headers],0)) -> 54 | M5: =INDEX(actors!A:C,MATCH(Movies[[#This Row],[actor_id]],actors[[#All],[actor_id]],0),MATCH("name",actors[#Headers],0)) -> Chris Hemsworth | N5: =INDEX(actors!A:C,MATCH(Movies[[#This Row],[actor_id]],actors[[#All],[actor_id]],0),MATCH("birth_year",actors[#Headers],0)) -> 1983 | O5: =INDEX(languages!A:B,MATCH(Movies[[#This Row],[language_id]],languages!A:A,0),MATCH("language_name",languages[#Headers],0)) -> English
A6: 105 | B6: Thor: Love and Thunder | C6: Hollywood | D6: 2022 | E6: 6.8 | F6: Marvel Studios | G6: 5 | H6: =INDEX(financials!A:E,MATCH(Movies[[#This Row],[movie_id]],Financials[[#All],[movie_id]],0),MATCH("budget",Financials[#Headers],0)) -> 250 | I6: =INDEX(financials!A:E,MATCH(Movies[[#This Row],[movie_id]],Financials[[#All],[movie_id]],0),MATCH("revenue",Financials[#Headers],0)) -> 670 | J6: =INDEX(financials!A:E,MATCH(Movies[[#This Row],[movie_id]],Financials[[#All],[movie_id]],0),MATCH("unit",Financials[#Headers],0)) -> Millions | K6: =INDEX(financials!A:E,MATCH(Movies[[#This Row],[movie_id]],Financials[[#All],[movie_id]],0),MATCH("currency",Financials[#Headers],0)) -> USD | L6: =INDEX(movie_actor!A:B,MATCH(Movies[[#This Row],[movie_id]],movie_actor!A:A,0),MATCH("actor_id",movieactor[#Headers],0)) -> 54 | M6: =INDEX(actors!A:C,MATCH(Movies[[#This Row],[actor_id]],actors[[#All],[actor_id]],0),MATCH("name",actors[#Headers],0)) -> Chris Hemsworth | N6: =INDEX(actors!A:C,MATCH(Movies[[#This Row],[actor_id]],actors[[#All],[actor_id]],0),MATCH("birth_year",actors[#Headers],0)) -> 1983 | O6: =INDEX(languages!A:B,MATCH(Movies[[#This Row],[language_id]],languages!A:A,0),MATCH("language_name",languages[#Headers],0)) -> English
A7: 106 | B7: Sholay | C7: Bollywood | D7: 1975 | E7: 8.1 | F7: United Producers | G7: 1 | H7: =INDEX(financials!A:E,MATCH(Movies[[#This Row],[movie_id]],Financials[[#All],[movie_id]],0),MATCH("budget",Financials[#Headers],0)) -> #N/A | I7: =INDEX(financials!A:E,MATCH(Movies[[#This Row],[movie_id]],Financials[[#All],[movie_id]],0),MATCH("revenue",Financials[#Headers],0)) -> #N/A | J7: =INDEX(financials!A:E,MATCH(Movies[[#This Row],[movie_id]],Financials[[#All],[movie_id]],0),MATCH("unit",Financials[#Headers],0)) -> #N/A | K7: =INDEX(financials!A:E,MATCH(Movies[[#This Row],[movie_id]],Financials[[#All],[movie_id]],0),MATCH("currency",Financials[#Headers],0)) -> #N/A | L7: =INDEX(movie_actor!A:B,MATCH(Movies[[#This Row],[movie_id]],movie_actor!A:A,0),MATCH("actor_id",movieactor[#Headers],0)) -> 57 | M7: =INDEX(actors!A:C,MATCH(Movies[[#This Row],[actor_id]],actors[[#All],[actor_id]],0),MATCH("name",actors[#Headers],0)) -> Amitabh Bachchan | N7: =INDEX(actors!A:C,MATCH(Movies[[#This Row],[actor_id]],actors[[#All],[actor_id]],0),MATCH("birth_year",actors[#Headers],0)) -> 1942 | O7: =INDEX(languages!A:B,MATCH(Movies[[#This Row],[language_id]],languages!A:A,0),MATCH("language_name",languages[#Headers],0)) -> Hindi
A8: 107 | B8: Dilwale Dulhania Le Jayenge | C8: Bollywood | D8: 1995 | E8: 8 | F8: Yash Raj Films | G8: 1 | H8: =INDEX(financials!A:E,MATCH(Movies[[#This Row],[movie_id]],Financials[[#All],[movie_id]],0),MATCH("budget",Financials[#Headers],0)) -> 400 | I8: =INDEX(financials!A:E,MATCH(Movies[[#This Row],[movie_id]],Financials[[#All],[movie_id]],0),MATCH("revenue",Financials[#Headers],0)) -> 2000 | J8: =INDEX(financials!A:E,MATCH(Movies[[#This Row],[movie_id]],Financials[[#All],[movie_id]],0),MATCH("unit",Financials[#Headers],0)) -> Millions | K8: =INDEX(financials!A:E,MATCH(Movies[[#This Row],[movie_id]],Financials[[#All],[movie_id]],0),MATCH("currency",Financials[#Headers],0)) -> INR | L8: =INDEX(movie_actor!A:B,MATCH(Movies[[#This Row],[movie_id]],movie_actor!A:A,0),MATCH("actor_id",movieactor[#Headers],0)) -> 59 | M8: =INDEX(actors!A:C,MATCH(Movies[[#This Row],[actor_id]],actors[[#All],[actor_id]],0),MATCH("name",actors[#Headers],0)) -> Shah Rukh Khan | N8: =INDEX(actors!A:C,MATCH(Movies[[#This Row],[actor_id]],actors[[#All],[actor_id]],0),MATCH("birth_year",actors[#Headers],0)) -> 1965 | O8: =INDEX(languages!A:B,MATCH(Movies[[#This Row],[language_id]],languages!A:A,0),MATCH("language_name",languages[#Headers],0)) -> Hindi
A9: 108 | B9: 3 Idiots | C9: Bollywood | D9: 2009 | E9: 8.4 | F9: Vinod Chopra Films | G9: 1 | H9: =INDEX(financials!A:E,MATCH(Movies[[#This Row],[movie_id]],Financials[[#All],[movie_id]],0),MATCH("budget",Financials[#Headers],0)) -> 550 | I9: =INDEX(financials!A:E,MATCH(Movies[[#This Row],[movie_id]],Financials[[#All],[movie_id]],0),MATCH("revenue",Financials[#Headers],0)) -> 4000 | J9: =INDEX(financials!A:E,MATCH(Movies[[#This Row],[movie_id]],Financials[[#All],[movie_id]],0),MATCH("unit",Financials[#Headers],0)) -> Millions | K9: =INDEX(financials!A:E,MATCH(Movies[[#This Row],[movie_id]],Financials[[#All],[movie_id]],0),MATCH("currency",Financials[#Headers],0)) -> INR | L9: =INDEX(movie_actor!A:B,MATCH(Movies[[#This Row],[movie_id]],movie_actor!A:A,0),MATCH("actor_id",movieactor[#Headers],0)) -> 61 | M9: =INDEX(actors!A:C,MATCH(Movies[[#This Row],[actor_id]],actors[[#All],[actor_id]],0),MATCH("name",actors[#Headers],0)) -> Aamir Khan | N9: =INDEX(actors!A:C,MATCH(Movies[[#This Row],[actor_id]],actors[[#All],[actor_id]],0),MATCH("birth_year",actors[#Headers],0)) -> 1965 | O9: =INDEX(languages!A:B,MATCH(Movies[[#This Row],[language_id]],languages!A:A,0),MATCH("language_name",languages[#Headers],0)) -> Hindi
A10: 109 | B10: Kabhi Khushi Kabhie Gham | C10: Bollywood | D10: 2001 | E10: 7.4 | F10: Dharma Productions | G10: 1 | H10: =INDEX(financials!A:E,MATCH(Movies[[#This Row],[movie_id]],Financials[[#All],[movie_id]],0),MATCH("budget",Financials[#Headers],0)) -> 390 | I10: =INDEX(financials!A:E,MATCH(Movies[[#This Row],[movie_id]],Financials[[#All],[movie_id]],0),MATCH("revenue",Financials[#Headers],0)) -> 1360 | J10: =INDEX(financials!A:E,MATCH(Movies[[#This Row],[movie_id]],Financials[[#All],[movie_id]],0),MATCH("unit",Financials[#Headers],0)) -> Millions | K10: =INDEX(financials!A:E,MATCH(Movies[[#This Row],[movie_id]],Financials[[#All],[movie_id]],0),MATCH("currency",Financials[#Headers],0)) -> INR | L10: =INDEX(movie_actor!A:B,MATCH(Movies[[#This Row],[movie_id]],movie_actor!A:A,0),MATCH("actor_id",movieactor[#Headers],0)) -> 59 | M10: =INDEX(actors!A:C,MATCH(Movies[[#This Row],[actor_id]],actors[[#All],[actor_id]],0),MATCH("name",actors[#Headers],0)) -> Shah Rukh Khan | N10: =INDEX(actors!A:C,MATCH(Movies[[#This Row],[actor_id]],actors[[#All],[actor_id]],0),MATCH("birth_year",actors[#Headers],0)) -> 1965 | O10: =INDEX(languages!A:B,MATCH(Movies[[#This Row],[language_id]],languages!A:A,0),MATCH("language_name",languages[#Headers],0)) -> Hindi
A11: 110 | B11: Bajirao Mastani | C11: Bollywood | D11: 2015 | E11: 7.2 | G11: 1 | H11: =INDEX(financials!A:E,MATCH(Movies[[#This Row],[movie_id]],Financials[[#All],[movie_id]],0),MATCH("budget",Financials[#Headers],0)) -> 1.4 | I11: =INDEX(financials!A:E,MATCH(Movies[[#This Row],[movie_id]],Financials[[#All],[movie_id]],0),MATCH("revenue",Financials[#Headers],0)) -> 3.5 | J11: =INDEX(financials!A:E,MATCH(Movies[[#This Row],[movie_id]],Financials[[#All],[movie_id]],0),MATCH("unit",Financials[#Headers],0)) -> Billions | K11: =INDEX(financials!A:E,MATCH(Movies[[#This Row],[movie_id]],Financials[[#All],[movie_id]],0),MATCH("currency",Financials[#Headers],0)) -> INR | L11: =INDEX(movie_actor!A:B,MATCH(Movies[[#This Row],[movie_id]],movie_actor!A:A,0),MATCH("actor_id",movieactor[#Headers],0)) -> 65 | M11: =INDEX(actors!A:C,MATCH(Movies[[#This Row],[actor_id]],actors[[#All],[actor_id]],0),MATCH("name",actors[#Headers],0)) -> Ranveer Singh | N11: =INDEX(actors!A:C,MATCH(Movies[[#This Row],[actor_id]],actors[[#All],[actor_id]],0),MATCH("birth_year",actors[#Headers],0)) -> 1985 | O11: =INDEX(languages!A:B,MATCH(Movies[[#This Row],[language_id]],languages!A:A,0),MATCH("language_name",languages[#Headers],0)) -> Hindi
A12: 111 | B12: The Shawshank Redemption | C12: Hollywood | D12: 1994 | E12: 9.3 | F12: Castle Rock Entertainment | G12: 5 | H12: =INDEX(financials!A:E,MATCH(Movies[[#This Row],[movie_id]],Financials[[#All],[movie_id]],0),MATCH("budget",Financials[#Headers],0)) -> 25 | I12: =INDEX(financials!A:E,MATCH(Movies[[#This Row],[movie_id]],Financials[[#All],[movie_id]],0),MATCH("revenue",Financials[#Headers],0)) -> 73.3 | J12: =INDEX(financials!A:E,MATCH(Movies[[#This Row],[movie_id]],Financials[[#All],[movie_id]],0),MATCH("unit",Financials[#Headers],0)) -> Millions | K12: =INDEX(financials!A:E,MATCH(Movies[[#This Row],[movie_id]],Financials[[#All],[movie_id]],0),MATCH("currency",Financials[#Headers],0)) -> USD | L12: =INDEX(movie_actor!A:B,MATCH(Movies[[#This Row],[movie_id]],movie_actor!A:A,0),MATCH("actor_id",movieactor[#Headers],0)) -> 67 | M12: =INDEX(actors!A:C,MATCH(Movies[[#This Row],[actor_id]],actors[[#All],[actor_id]],0),MATCH("name",actors[#Headers],0)) -> Tim Robbins | N12: =INDEX(actors!A:C,MATCH(Movies[[#This Row],[actor_id]],actors[[#All],[actor_id]],0),MATCH("birth_year",actors[#Headers],0)) -> 1958 | O12: =INDEX(languages!A:B,MATCH(Movies[[#This Row],[language_id]],languages!A:A,0),MATCH("language_name",languages[#Headers],0)) -> English
A13: 112 | B13: Inception | C13: Hollywood | D13: 2010 | E13: 8.8 | F13: Warner Bros. Pictures | G13: 5 | H13: =INDEX(financials!A:E,MATCH(Movies[[#This Row],[movie_id]],Financials[[#All],[movie_id]],0),MATCH("budget",Financials[#Headers],0)) -> #N/A | I13: =INDEX(financials!A:E,MATCH(Movies[[#This Row],[movie_id]],Financials[[#All],[movie_id]],0),MATCH("revenue",Financials[#Headers],0)) -> #N/A | J13: =INDEX(financials!A:E,MATCH(Movies[[#This Row],[movie_id]],Financials[[#All],[movie_id]],0),MATCH("unit",Financials[#Headers],0)) -> #N/A | K13: =INDEX(financials!A:E,MATCH(Movies[[#This Row],[movie_id]],Financials[[#All],[movie_id]],0),MATCH("currency",Financials[#Headers],0)) -> #N/A | L13: =INDEX(movie_actor!A:B,MATCH(Movies[[#This Row],[movie_id]],movie_actor!A:A,0),MATCH("actor_id",movieactor[#Headers],0)) -> 69 | M13: =INDEX(actors!A:C,MATCH(Movies[[#This Row],[actor_id]],actors[[#All],[actor_id]],0),MATCH("name",actors[#Headers],0)) -> Leonardo DiCaprio | N13: =INDEX(actors!A:C,MATCH(Movies[[#This Row],[actor_id]],actors[[#All],[actor_id]],0),MATCH("birth_year",actors[#Headers],0)) -> 1974 | O13: =INDEX(languages!A:B,MATCH(Movies[[#This Row],[language_id]],languages!A:A,0),MATCH("language_name",languages[#Headers],0)) -> English
A14: 113 | B14: Interstellar | C14: Hollywood | D14: 2014 | E14: 8.6 | F14: Warner Bros. Pictures | G14: 5 | H14: =INDEX(financials!A:E,MATCH(Movies[[#This Row],[movie_id]],Financials[[#All],[movie_id]],0),MATCH("budget",Financials[#Headers],0)) -> 165 | I14: =INDEX(financials!A:E,MATCH(Movies[[#This Row],[movie_id]],Financials[[#All],[movie_id]],0),MATCH("revenue",Financials[#Headers],0)) -> 701.8 | J14: =INDEX(financials!A:E,MATCH(Movies[[#This Row],[movie_id]],Financials[[#All],[movie_id]],0),MATCH("unit",Financials[#Headers],0)) -> Millions | K14: =INDEX(financials!A:E,MATCH(Movies[[#This Row],[movie_id]],Financials[[#All],[movie_id]],0),MATCH("currency",Financials[#Headers],0)) -> USD | L14: =INDEX(movie_actor!A:B,MATCH(Movies[[#This Row],[movie_id]],movie_actor!A:A,0),MATCH("actor_id",movieactor[#Headers],0)) -> 71 | M14: =INDEX(actors!A:C,MATCH(Movies[[#This Row],[actor_id]],actors[[#All],[actor_id]],0),MATCH("name",actors[#Headers],0)) -> Matthew McConaughey | N14: =INDEX(actors!A:C,MATCH(Movies[[#This Row],[actor_id]],actors[[#All],[actor_id]],0),MATCH("birth_year",actors[#Headers],0)) -> 1969 | O14: =INDEX(languages!A:B,MATCH(Movies[[#This Row],[language_id]],languages!A:A,0),MATCH("language_name",languages[#Headers],0)) -> English
A15: 115 | B15: The Pursuit of Happyness | C15: Hollywood | D15: 2006 | E15: 8 | F15: Columbia Pictures | G15: 5 | H15: =INDEX(financials!A:E,MATCH(Movies[[#This Row],[movie_id]],Financials[[#All],[movie_id]],0),MATCH("budget",Financials[#Headers],0)) -> 55 | I15: =INDEX(financials!A:E,MATCH(Movies[[#This Row],[movie_id]],Financials[[#All],[movie_id]],0),MATCH("revenue",Financials[#Headers],0)) -> 307.1 | J15: =INDEX(financials!A:E,MATCH(Movies[[#This Row],[movie_id]],Financials[[#All],[movie_id]],0),MATCH("unit",Financials[#Headers],0)) -> Millions | K15: =INDEX(financials!A:E,MATCH(Movies[[#This Row],[movie_id]],Financials[[#All],[movie_id]],0),MATCH("currency",Financials[#Headers],0)) -> USD | L15: =INDEX(movie_actor!A:B,MATCH(Movies[[#This Row],[movie_id]],movie_actor!A:A,0),MATCH("actor_id",movieactor[#Headers],0)) -> 75 | M15: =INDEX(actors!A:C,MATCH(Movies[[#This Row],[actor_id]],actors[[#All],[actor_id]],0),MATCH("name",actors[#Headers],0)) -> Will Smith | N15: =INDEX(actors!A:C,MATCH(Movies[[#This Row],[actor_id]],actors[[#All],[actor_id]],0),MATCH("birth_year",actors[#Headers],0)) -> 1968 | O15: =INDEX(languages!A:B,MATCH(Movies[[#This Row],[language_id]],languages!A:A,0),MATCH("language_name",languages[#Headers],0)) -> English
A16: 116 | B16: Gladiator | C16: Hollywood | D16: 2000 | E16: 8.5 | F16: Universal Pictures | G16: 5 | H16: =INDEX(financials!A:E,MATCH(Movies[[#This Row],[movie_id]],Financials[[#All],[movie_id]],0),MATCH("budget",Financials[#Headers],0)) -> 103 | I16: =INDEX(financials!A:E,MATCH(Movies[[#This Row],[movie_id]],Financials[[#All],[movie_id]],0),MATCH("revenue",Financials[#Headers],0)) -> 460.5 | J16: =INDEX(financials!A:E,MATCH(Movies[[#This Row],[movie_id]],Financials[[#All],[movie_id]],0),MATCH("unit",Financials[#Headers],0)) -> Millions | K16: =INDEX(financials!A:E,MATCH(Movies[[#This Row],[movie_id]],Financials[[#All],[movie_id]],0),MATCH("currency",Financials[#Headers],0)) -> USD | L16: =INDEX(movie_actor!A:B,MATCH(Movies[[#This Row],[movie_id]],movie_actor!A:A,0),MATCH("actor_id",movieactor[#Headers],0)) -> 77 | M16: =INDEX(actors!A:C,MATCH(Movies[[#This Row],[actor_id]],actors[[#All],[actor_id]],0),MATCH("name",actors[#Headers],0)) -> Russell Crowe | N16: =INDEX(actors!A:C,MATCH(Movies[[#This Row],[actor_id]],actors[[#All],[actor_id]],0),MATCH("birth_year",actors[#Headers],0)) -> 1964 | O16: =INDEX(languages!A:B,MATCH(Movies[[#This Row],[language_id]],languages!A:A,0),MATCH("language_name",languages[#Headers],0)) -> English
A17: 117 | B17: Titanic | C17: Hollywood | D17: 1997 | E17: 7.9 | F17: Paramount Pictures | G17: 5 | H17: =INDEX(financials!A:E,MATCH(Movies[[#This Row],[movie_id]],Financials[[#All],[movie_id]],0),MATCH("budget",Financials[#Headers],0)) -> 200 | I17: =INDEX(financials!A:E,MATCH(Movies[[#This Row],[movie_id]],Financials[[#All],[movie_id]],0),MATCH("revenue",Financials[#Headers],0)) -> 2202 | J17: =INDEX(financials!A:E,MATCH(Movies[[#This Row],[movie_id]],Financials[[#All],[movie_id]],0),MATCH("unit",Financials[#Headers],0)) -> Millions | K17: =INDEX(financials!A:E,MATCH(Movies[[#This Row],[movie_id]],Financials[[#All],[movie_id]],0),MATCH("currency",Financials[#Headers],0)) -> USD | L17: =INDEX(movie_actor!A:B,MATCH(Movies[[#This Row],[movie_id]],movie_actor!A:A,0),MATCH("actor_id",movieactor[#Headers],0)) -> 69 | M17: =INDEX(actors!A:C,MATCH(Movies[[#This Row],[actor_id]],actors[[#All],[actor_id]],0),MATCH("name",actors[#Headers],0)) -> Leonardo DiCaprio | N17: =INDEX(actors!A:C,MATCH(Movies[[#This Row],[actor_id]],actors[[#All],[actor_id]],0),MATCH("birth_year",actors[#Headers],0)) -> 1974 | O17: =INDEX(languages!A:B,MATCH(Movies[[#This Row],[language_id]],languages!A:A,0),MATCH("language_name",languages[#Headers],0)) -> English
A18: 118 | B18: It's a Wonderful Life | C18: Hollywood | D18: 1946 | E18: 8.6 | F18: Liberty Films | G18: 5 | H18: =INDEX(financials!A:E,MATCH(Movies[[#This Row],[movie_id]],Financials[[#All],[movie_id]],0),MATCH("budget",Financials[#Headers],0)) -> 3.18 | I18: =INDEX(financials!A:E,MATCH(Movies[[#This Row],[movie_id]],Financials[[#All],[movie_id]],0),MATCH("revenue",Financials[#Headers],0)) -> 3.3 | J18: =INDEX(financials!A:E,MATCH(Movies[[#This Row],[movie_id]],Financials[[#All],[movie_id]],0),MATCH("unit",Financials[#Headers],0)) -> Millions | K18: =INDEX(financials!A:E,MATCH(Movies[[#This Row],[movie_id]],Financials[[#All],[movie_id]],0),MATCH("currency",Financials[#Headers],0)) -> USD | L18: =INDEX(movie_actor!A:B,MATCH(Movies[[#This Row],[movie_id]],movie_actor!A:A,0),MATCH("actor_id",movieactor[#Headers],0)) -> 80 | M18: =INDEX(actors!A:C,MATCH(Movies[[#This Row],[actor_id]],actors[[#All],[actor_id]],0),MATCH("name",actors[#Headers],0)) -> James Stewart | N18: =INDEX(actors!A:C,MATCH(Movies[[#This Row],[actor_id]],actors[[#All],[actor_id]],0),MATCH("birth_year",actors[#Headers],0)) -> 1908 | O18: =INDEX(languages!A:B,MATCH(Movies[[#This Row],[language_id]],languages!A:A,0),MATCH("language_name",languages[#Headers],0)) -> English
A19: 119 | B19: Avatar | C19: Hollywood | D19: 2009 | E19: 7.8 | F19: 20th Century Fox | G19: 5 | H19: =INDEX(financials!A:E,MATCH(Movies[[#This Row],[movie_id]],Financials[[#All],[movie_id]],0),MATCH("budget",Financials[#Headers],0)) -> 237 | I19: =INDEX(financials!A:E,MATCH(Movies[[#This Row],[movie_id]],Financials[[#All],[movie_id]],0),MATCH("revenue",Financials[#Headers],0)) -> 2847 | J19: =INDEX(financials!A:E,MATCH(Movies[[#This Row],[movie_id]],Financials[[#All],[movie_id]],0),MATCH("unit",Financials[#Headers],0)) -> Millions | K19: =INDEX(financials!A:E,MATCH(Movies[[#This Row],[movie_id]],Financials[[#All],[movie_id]],0),MATCH("currency",Financials[#Headers],0)) -> USD | L19: =INDEX(movie_actor!A:B,MATCH(Movies[[#This Row],[movie_id]],movie_actor!A:A,0),MATCH("actor_id",movieactor[#Headers],0)) -> 82 | M19: =INDEX(actors!A:C,MATCH(Movies[[#This Row],[actor_id]],actors[[#All],[actor_id]],0),MATCH("name",actors[#Headers],0)) -> Sam Worthington | N19: =INDEX(actors!A:C,MATCH(Movies[[#This Row],[actor_id]],actors[[#All],[actor_id]],0),MATCH("birth_year",actors[#Headers],0)) -> 1976 | O19: =INDEX(languages!A:B,MATCH(Movies[[#This Row],[language_id]],languages!A:A,0),MATCH("language_name",languages[#Headers],0)) -> English
A20: 120 | B20: The Godfather | C20: Hollywood | D20: 1972 | E20: 9.2 | F20: Paramount Pictures | G20: 5 | H20: =INDEX(financials!A:E,MATCH(Movies[[#This Row],[movie_id]],Financials[[#All],[movie_id]],0),MATCH("budget",Financials[#Headers],0)) -> 7.2 | I20: =INDEX(financials!A:E,MATCH(Movies[[#This Row],[movie_id]],Financials[[#All],[movie_id]],0),MATCH("revenue",Financials[#Headers],0)) -> 291 | J20: =INDEX(financials!A:E,MATCH(Movies[[#This Row],[movie_id]],Financials[[#All],[movie_id]],0),MATCH("unit",Financials[#Headers],0)) -> Millions | K20: =INDEX(financials!A:E,MATCH(Movies[[#This Row],[movie_id]],Financials[[#All],[movie_id]],0),MATCH("currency",Financials[#Headers],0)) -> USD | L20: =INDEX(movie_actor!A:B,MATCH(Movies[[#This Row],[movie_id]],movie_actor!A:A,0),MATCH("actor_id",movieactor[#Headers],0)) -> 84 | M20: =INDEX(actors!A:C,MATCH(Movies[[#This Row],[actor_id]],actors[[#All],[actor_id]],0),MATCH("name",actors[#Headers],0)) -> Marlon Brando | N20: =INDEX(actors!A:C,MATCH(Movies[[#This Row],[actor_id]],actors[[#All],[actor_id]],0),MATCH("birth_year",actors[#Headers],0)) -> 1924 | O20: =INDEX(languages!A:B,MATCH(Movies[[#This Row],[language_id]],languages!A:A,0),MATCH("language_name",languages[#Headers],0)) -> English
A21: 121 | B21: The Dark Knight | C21: Hollywood | D21: 2008 | E21: 9 | F21: Syncopy | G21: 5 | H21: =INDEX(financials!A:E,MATCH(Movies[[#This Row],[movie_id]],Financials[[#All],[movie_id]],0),MATCH("budget",Financials[#Headers],0)) -> 185 | I21: =INDEX(financials!A:E,MATCH(Movies[[#This Row],[movie_id]],Financials[[#All],[movie_id]],0),MATCH("revenue",Financials[#Headers],0)) -> 1006 | J21: =INDEX(financials!A:E,MATCH(Movies[[#This Row],[movie_id]],Financials[[#All],[movie_id]],0),MATCH("unit",Financials[#Headers],0)) -> Millions | K21: =INDEX(financials!A:E,MATCH(Movies[[#This Row],[movie_id]],Financials[[#All],[movie_id]],0),MATCH("currency",Financials[#Headers],0)) -> USD | L21: =INDEX(movie_actor!A:B,MATCH(Movies[[#This Row],[movie_id]],movie_actor!A:A,0),MATCH("actor_id",movieactor[#Headers],0)) -> 86 | M21: =INDEX(actors!A:C,MATCH(Movies[[#This Row],[actor_id]],actors[[#All],[actor_id]],0),MATCH("name",actors[#Headers],0)) -> Christian Bale | N21: =INDEX(actors!A:C,MATCH(Movies[[#This Row],[actor_id]],actors[[#All],[actor_id]],0),MATCH("birth_year",actors[#Headers],0)) -> 1974 | O21: =INDEX(languages!A:B,MATCH(Movies[[#This Row],[language_id]],languages!A:A,0),MATCH("language_name",languages[#Headers],0)) -> English
A22: 122 | B22: Schindler's List | C22: Hollywood | D22: 1993 | E22: 9 | F22: Universal Pictures | G22: 5 | H22: =INDEX(financials!A:E,MATCH(Movies[[#This Row],[movie_id]],Financials[[#All],[movie_id]],0),MATCH("budget",Financials[#Headers],0)) -> 22 | I22: =INDEX(financials!A:E,MATCH(Movies[[#This Row],[movie_id]],Financials[[#All],[movie_id]],0),MATCH("revenue",Financials[#Headers],0)) -> 322.2 | J22: =INDEX(financials!A:E,MATCH(Movies[[#This Row],[movie_id]],Financials[[#All],[movie_id]],0),MATCH("unit",Financials[#Headers],0)) -> Millions | K22: =INDEX(financials!A:E,MATCH(Movies[[#This Row],[movie_id]],Financials[[#All],[movie_id]],0),MATCH("currency",Financials[#Headers],0)) -> USD | L22: =INDEX(movie_actor!A:B,MATCH(Movies[[#This Row],[movie_id]],movie_actor!A:A,0),MATCH("actor_id",movieactor[#Headers],0)) -> 88 | M22: =INDEX(actors!A:C,MATCH(Movies[[#This Row],[actor_id]],actors[[#All],[actor_id]],0),MATCH("name",actors[#Headers],0)) -> Liam Neeson | N22: =INDEX(actors!A:C,MATCH(Movies[[#This Row],[actor_id]],actors[[#All],[actor_id]],0),MATCH("birth_year",actors[#Headers],0)) -> 1952 | O22: =INDEX(languages!A:B,MATCH(Movies[[#This Row],[language_id]],languages!A:A,0),MATCH("language_name",languages[#Headers],0)) -> English
A23: 123 | B23: Jurassic Park | C23: Hollywood | D23: 1993 | E23: 8.2 | F23: Universal Pictures | G23: 5 | H23: =INDEX(financials!A:E,MATCH(Movies[[#This Row],[movie_id]],Financials[[#All],[movie_id]],0),MATCH("budget",Financials[#Headers],0)) -> 63 | I23: =INDEX(financials!A:E,MATCH(Movies[[#This Row],[movie_id]],Financials[[#All],[movie_id]],0),MATCH("revenue",Financials[#Headers],0)) -> 1046 | J23: =INDEX(financials!A:E,MATCH(Movies[[#This Row],[movie_id]],Financials[[#All],[movie_id]],0),MATCH("unit",Financials[#Headers],0)) -> Millions | K23: =INDEX(financials!A:E,MATCH(Movies[[#This Row],[movie_id]],Financials[[#All],[movie_id]],0),MATCH("currency",Financials[#Headers],0)) -> USD | L23: =INDEX(movie_actor!A:B,MATCH(Movies[[#This Row],[movie_id]],movie_actor!A:A,0),MATCH("actor_id",movieactor[#Headers],0)) -> 90 | M23: =INDEX(actors!A:C,MATCH(Movies[[#This Row],[actor_id]],actors[[#All],[actor_id]],0),MATCH("name",actors[#Headers],0)) -> Sam Neill | N23: =INDEX(actors!A:C,MATCH(Movies[[#This Row],[actor_id]],actors[[#All],[actor_id]],0),MATCH("birth_year",actors[#Headers],0)) -> 1947 | O23: =INDEX(languages!A:B,MATCH(Movies[[#This Row],[language_id]],languages!A:A,0),MATCH("language_name",languages[#Headers],0)) -> English
A24: 124 | B24: Parasite | C24: Hollywood | D24: 2019 | E24: 8.5 | G24: 5 | H24: =INDEX(financials!A:E,MATCH(Movies[[#This Row],[movie_id]],Financials[[#All],[movie_id]],0),MATCH("budget",Financials[#Headers],0)) -> 15.5 | I24: =INDEX(financials!A:E,MATCH(Movies[[#This Row],[movie_id]],Financials[[#All],[movie_id]],0),MATCH("revenue",Financials[#Headers],0)) -> 263.1 | J24: =INDEX(financials!A:E,MATCH(Movies[[#This Row],[movie_id]],Financials[[#All],[movie_id]],0),MATCH("unit",Financials[#Headers],0)) -> Millions | K24: =INDEX(financials!A:E,MATCH(Movies[[#This Row],[movie_id]],Financials[[#All],[movie_id]],0),MATCH("currency",Financials[#Headers],0)) -> USD | L24: =INDEX(movie_actor!A:B,MATCH(Movies[[#This Row],[movie_id]],movie_actor!A:A,0),MATCH("actor_id",movieactor[#Headers],0)) -> 92 | M24: =INDEX(actors!A:C,MATCH(Movies[[#This Row],[actor_id]],actors[[#All],[actor_id]],0),MATCH("name",actors[#Headers],0)) -> Song Kang-ho | N24: =INDEX(actors!A:C,MATCH(Movies[[#This Row],[actor_id]],actors[[#All],[actor_id]],0),MATCH("birth_year",actors[#Headers],0)) -> 1967 | O24: =INDEX(languages!A:B,MATCH(Movies[[#This Row],[language_id]],languages!A:A,0),MATCH("language_name",languages[#Headers],0)) -> English
A25: 125 | B25: Avengers: Endgame | C25: Hollywood | D25: 2019 | E25: 8.4 | F25: Marvel Studios | G25: 5 | H25: =INDEX(financials!A:E,MATCH(Movies[[#This Row],[movie_id]],Financials[[#All],[movie_id]],0),MATCH("budget",Financials[#Headers],0)) -> 400 | I25: =INDEX(financials!A:E,MATCH(Movies[[#This Row],[movie_id]],Financials[[#All],[movie_id]],0),MATCH("revenue",Financials[#Headers],0)) -> 2798 | J25: =INDEX(financials!A:E,MATCH(Movies[[#This Row],[movie_id]],Financials[[#All],[movie_id]],0),MATCH("unit",Financials[#Headers],0)) -> Millions | K25: =INDEX(financials!A:E,MATCH(Movies[[#This Row],[movie_id]],Financials[[#All],[movie_id]],0),MATCH("currency",Financials[#Headers],0)) -> USD | L25: =INDEX(movie_actor!A:B,MATCH(Movies[[#This Row],[movie_id]],movie_actor!A:A,0),MATCH("actor_id",movieactor[#Headers],0)) -> 94 | M25: =INDEX(actors!A:C,MATCH(Movies[[#This Row],[actor_id]],actors[[#All],[actor_id]],0),MATCH("name",actors[#Headers],0)) -> Robert Downey Jr. | N25: =INDEX(actors!A:C,MATCH(Movies[[#This Row],[actor_id]],actors[[#All],[actor_id]],0),MATCH("birth_year",actors[#Headers],0)) -> 1965 | O25: =INDEX(languages!A:B,MATCH(Movies[[#This Row],[language_id]],languages!A:A,0),MATCH("language_name",languages[#Headers],0)) -> English
A26: 126 | B26: Avengers: Infinity War | C26: Hollywood | D26: 2018 | E26: 8.4 | F26: Marvel Studios | G26: 5 | H26: =INDEX(financials!A:E,MATCH(Movies[[#This Row],[movie_id]],Financials[[#All],[movie_id]],0),MATCH("budget",Financials[#Headers],0)) -> 400 | I26: =INDEX(financials!A:E,MATCH(Movies[[#This Row],[movie_id]],Financials[[#All],[movie_id]],0),MATCH("revenue",Financials[#Headers],0)) -> 2048 | J26: =INDEX(financials!A:E,MATCH(Movies[[#This Row],[movie_id]],Financials[[#All],[movie_id]],0),MATCH("unit",Financials[#Headers],0)) -> Millions | K26: =INDEX(financials!A:E,MATCH(Movies[[#This Row],[movie_id]],Financials[[#All],[movie_id]],0),MATCH("currency",Financials[#Headers],0)) -> USD | L26: =INDEX(movie_actor!A:B,MATCH(Movies[[#This Row],[movie_id]],movie_actor!A:A,0),MATCH("actor_id",movieactor[#Headers],0)) -> 94 | M26: =INDEX(actors!A:C,MATCH(Movies[[#This Row],[actor_id]],actors[[#All],[actor_id]],0),MATCH("name",actors[#Headers],0)) -> Robert Downey Jr. | N26: =INDEX(actors!A:C,MATCH(Movies[[#This Row],[actor_id]],actors[[#All],[actor_id]],0),MATCH("birth_year",actors[#Headers],0)) -> 1965 | O26: =INDEX(languages!A:B,MATCH(Movies[[#This Row],[language_id]],languages!A:A,0),MATCH("language_name",languages[#Headers],0)) -> English
A27: 127 | B27: Pather Panchali | C27: Bollywood | D27: 1955 | E27: 8.3 | F27: Government of West Bengal | G27: 7 | H27: =INDEX(financials!A:E,MATCH(Movies[[#This Row],[movie_id]],Financials[[#All],[movie_id]],0),MATCH("budget",Financials[#Headers],0)) -> 70 | I27: =INDEX(financials!A:E,MATCH(Movies[[#This Row],[movie_id]],Financials[[#All],[movie_id]],0),MATCH("revenue",Financials[#Headers],0)) -> 100 | J27: =INDEX(financials!A:E,MATCH(Movies[[#This Row],[movie_id]],Financials[[#All],[movie_id]],0),MATCH("unit",Financials[#Headers],0)) -> Millions | K27: =INDEX(financials!A:E,MATCH(Movies[[#This Row],[movie_id]],Financials[[#All],[movie_id]],0),MATCH("currency",Financials[#Headers],0)) -> INR | L27: =INDEX(movie_actor!A:B,MATCH(Movies[[#This Row],[movie_id]],movie_actor!A:A,0),MATCH("actor_id",movieactor[#Headers],0)) -> 150 | M27: =INDEX(actors!A:C,MATCH(Movies[[#This Row],[actor_id]],actors[[#All],[actor_id]],0),MATCH("name",actors[#Headers],0)) -> Kanu Banerjee | N27: =INDEX(actors!A:C,MATCH(Movies[[#This Row],[actor_id]],actors[[#All],[actor_id]],0),MATCH("birth_year",actors[#Headers],0)) -> 1905 | O27: =INDEX(languages!A:B,MATCH(Movies[[#This Row],[language_id]],languages!A:A,0),MATCH("language_name",languages[#Headers],0)) -> Bengali
A28: 128 | B28: Taare Zameen Par | C28: Bollywood | D28: 2007 | E28: 8.3 | G28: 1 | H28: =INDEX(financials!A:E,MATCH(Movies[[#This Row],[movie_id]],Financials[[#All],[movie_id]],0),MATCH("budget",Financials[#Headers],0)) -> 120 | I28: =INDEX(financials!A:E,MATCH(Movies[[#This Row],[movie_id]],Financials[[#All],[movie_id]],0),MATCH("revenue",Financials[#Headers],0)) -> 1350 | J28: =INDEX(financials!A:E,MATCH(Movies[[#This Row],[movie_id]],Financials[[#All],[movie_id]],0),MATCH("unit",Financials[#Headers],0)) -> Millions | K28: =INDEX(financials!A:E,MATCH(Movies[[#This Row],[movie_id]],Financials[[#All],[movie_id]],0),MATCH("currency",Financials[#Headers],0)) -> INR | L28: =INDEX(movie_actor!A:B,MATCH(Movies[[#This Row],[movie_id]],movie_actor!A:A,0),MATCH("actor_id",movieactor[#Headers],0)) -> 61 | M28: =INDEX(actors!A:C,MATCH(Movies[[#This Row],[actor_id]],actors[[#All],[actor_id]],0),MATCH("name",actors[#Headers],0)) -> Aamir Khan | N28: =INDEX(actors!A:C,MATCH(Movies[[#This Row],[actor_id]],actors[[#All],[actor_id]],0),MATCH("birth_year",actors[#Headers],0)) -> 1965 | O28: =INDEX(languages!A:B,MATCH(Movies[[#This Row],[language_id]],languages!A:A,0),MATCH("language_name",languages[#Headers],0)) -> Hindi
A29: 129 | B29: Munna Bhai M.B.B.S. | C29: Bollywood | D29: 2003 | E29: 8.1 | F29: Vinod Chopra Productions | G29: 1 | H29: =INDEX(financials!A:E,MATCH(Movies[[#This Row],[movie_id]],Financials[[#All],[movie_id]],0),MATCH("budget",Financials[#Headers],0)) -> 100 | I29: =INDEX(financials!A:E,MATCH(Movies[[#This Row],[movie_id]],Financials[[#All],[movie_id]],0),MATCH("revenue",Financials[#Headers],0)) -> 410 | J29: =INDEX(financials!A:E,MATCH(Movies[[#This Row],[movie_id]],Financials[[#All],[movie_id]],0),MATCH("unit",Financials[#Headers],0)) -> Millions | K29: =INDEX(financials!A:E,MATCH(Movies[[#This Row],[movie_id]],Financials[[#All],[movie_id]],0),MATCH("currency",Financials[#Headers],0)) -> INR | L29: =INDEX(movie_actor!A:B,MATCH(Movies[[#This Row],[movie_id]],movie_actor!A:A,0),MATCH("actor_id",movieactor[#Headers],0)) -> 51 | M29: =INDEX(actors!A:C,MATCH(Movies[[#This Row],[actor_id]],actors[[#All],[actor_id]],0),MATCH("name",actors[#Headers],0)) -> Sanjay Dutt | N29: =INDEX(actors!A:C,MATCH(Movies[[#This Row],[actor_id]],actors[[#All],[actor_id]],0),MATCH("birth_year",actors[#Headers],0)) -> 1959 | O29: =INDEX(languages!A:B,MATCH(Movies[[#This Row],[language_id]],languages!A:A,0),MATCH("language_name",languages[#Headers],0)) -> Hindi
A30: 130 | B30: PK | C30: Bollywood | D30: 2014 | E30: 8.1 | F30: Vinod Chopra Films | G30: 1 | H30: =INDEX(financials!A:E,MATCH(Movies[[#This Row],[movie_id]],Financials[[#All],[movie_id]],0),MATCH("budget",Financials[#Headers],0)) -> 850 | I30: =INDEX(financials!A:E,MATCH(Movies[[#This Row],[movie_id]],Financials[[#All],[movie_id]],0),MATCH("revenue",Financials[#Headers],0)) -> 8540 | J30: =INDEX(financials!A:E,MATCH(Movies[[#This Row],[movie_id]],Financials[[#All],[movie_id]],0),MATCH("unit",Financials[#Headers],0)) -> Millions | K30: =INDEX(financials!A:E,MATCH(Movies[[#This Row],[movie_id]],Financials[[#All],[movie_id]],0),MATCH("currency",Financials[#Headers],0)) -> INR | L30: =INDEX(movie_actor!A:B,MATCH(Movies[[#This Row],[movie_id]],movie_actor!A:A,0),MATCH("actor_id",movieactor[#Headers],0)) -> 61 | M30: =INDEX(actors!A:C,MATCH(Movies[[#This Row],[actor_id]],actors[[#All],[actor_id]],0),MATCH("name",actors[#Headers],0)) -> Aamir Khan | N30: =INDEX(actors!A:C,MATCH(Movies[[#This Row],[actor_id]],actors[[#All],[actor_id]],0),MATCH("birth_year",actors[#Headers],0)) -> 1965 | O30: =INDEX(languages!A:B,MATCH(Movies[[#This Row],[language_id]],languages!A:A,0),MATCH("language_name",languages[#Headers],0)) -> Hindi
A31: 131 | B31: Sanju | C31: Bollywood | D31: 2018 | E31: NULL | F31: Vinod Chopra Films | G31: 1 | H31: =INDEX(financials!A:E,MATCH(Movies[[#This Row],[movie_id]],Financials[[#All],[movie_id]],0),MATCH("budget",Financials[#Headers],0)) -> 1 | I31: =INDEX(financials!A:E,MATCH(Movies[[#This Row],[movie_id]],Financials[[#All],[movie_id]],0),MATCH("revenue",Financials[#Headers],0)) -> 5.9 | J31: =INDEX(financials!A:E,MATCH(Movies[[#This Row],[movie_id]],Financials[[#All],[movie_id]],0),MATCH("unit",Financials[#Headers],0)) -> Billions | K31: =INDEX(financials!A:E,MATCH(Movies[[#This Row],[movie_id]],Financials[[#All],[movie_id]],0),MATCH("currency",Financials[#Headers],0)) -> INR | L31: =INDEX(movie_actor!A:B,MATCH(Movies[[#This Row],[movie_id]],movie_actor!A:A,0),MATCH("actor_id",movieactor[#Headers],0)) -> 155 | M31: =INDEX(actors!A:C,MATCH(Movies[[#This Row],[actor_id]],actors[[#All],[actor_id]],0),MATCH("name",actors[#Headers],0)) -> Ranbir Kapoor | N31: =INDEX(actors!A:C,MATCH(Movies[[#This Row],[actor_id]],actors[[#All],[actor_id]],0),MATCH("birth_year",actors[#Headers],0)) -> 1982 | O31: =INDEX(languages!A:B,MATCH(Movies[[#This Row],[language_id]],languages!A:A,0),MATCH("language_name",languages[#Headers],0)) -> Hindi
A32: 132 | B32: Pushpa: The Rise - Part 1 | C32: Bollywood | D32: 2021 | E32: 7.6 | F32: Mythri Movie Makers | G32: 2 | H32: =INDEX(financials!A:E,MATCH(Movies[[#This Row],[movie_id]],Financials[[#All],[movie_id]],0),MATCH("budget",Financials[#Headers],0)) -> 2 | I32: =INDEX(financials!A:E,MATCH(Movies[[#This Row],[movie_id]],Financials[[#All],[movie_id]],0),MATCH("revenue",Financials[#Headers],0)) -> 3.6 | J32: =INDEX(financials!A:E,MATCH(Movies[[#This Row],[movie_id]],Financials[[#All],[movie_id]],0),MATCH("unit",Financials[#Headers],0)) -> Billions | K32: =INDEX(financials!A:E,MATCH(Movies[[#This Row],[movie_id]],Financials[[#All],[movie_id]],0),MATCH("currency",Financials[#Headers],0)) -> INR | L32: =INDEX(movie_actor!A:B,MATCH(Movies[[#This Row],[movie_id]],movie_actor!A:A,0),MATCH("actor_id",movieactor[#Headers],0)) -> 156 | M32: =INDEX(actors!A:C,MATCH(Movies[[#This Row],[actor_id]],actors[[#All],[actor_id]],0),MATCH("name",actors[#Headers],0)) -> Allu Arjun | N32: =INDEX(actors!A:C,MATCH(Movies[[#This Row],[actor_id]],actors[[#All],[actor_id]],0),MATCH("birth_year",actors[#Headers],0)) -> 1982 | O32: =INDEX(languages!A:B,MATCH(Movies[[#This Row],[language_id]],languages!A:A,0),MATCH("language_name",languages[#Headers],0)) -> Telugu
A33: 133 | B33: RRR | C33: Bollywood | D33: 2022 | E33: 8 | F33: DVV Entertainment | G33: 2 | H33: =INDEX(financials!A:E,MATCH(Movies[[#This Row],[movie_id]],Financials[[#All],[movie_id]],0),MATCH("budget",Financials[#Headers],0)) -> 5.5 | I33: =INDEX(financials!A:E,MATCH(Movies[[#This Row],[movie_id]],Financials[[#All],[movie_id]],0),MATCH("revenue",Financials[#Headers],0)) -> 12 | J33: =INDEX(financials!A:E,MATCH(Movies[[#This Row],[movie_id]],Financials[[#All],[movie_id]],0),MATCH("unit",Financials[#Headers],0)) -> Billions | K33: =INDEX(financials!A:E,MATCH(Movies[[#This Row],[movie_id]],Financials[[#All],[movie_id]],0),MATCH("currency",Financials[#Headers],0)) -> INR | L33: =INDEX(movie_actor!A:B,MATCH(Movies[[#This Row],[movie_id]],movie_actor!A:A,0),MATCH("actor_id",movieactor[#Headers],0)) -> 158 | M33: =INDEX(actors!A:C,MATCH(Movies[[#This Row],[actor_id]],actors[[#All],[actor_id]],0),MATCH("name",actors[#Headers],0)) -> N. T. Rama Rao Jr. | N33: =INDEX(actors!A:C,MATCH(Movies[[#This Row],[actor_id]],actors[[#All],[actor_id]],0),MATCH("birth_year",actors[#Headers],0)) -> 1983 | O33: =INDEX(languages!A:B,MATCH(Movies[[#This Row],[language_id]],languages!A:A,0),MATCH("language_name",languages[#Headers],0)) -> Telugu
A34: 134 | B34: Baahubali: The Beginning | C34: Bollywood | D34: 2015 | E34: 8 | F34: Arka Media Works | G34: 2 | H34: =INDEX(financials!A:E,MATCH(Movies[[#This Row],[movie_id]],Financials[[#All],[movie_id]],0),MATCH("budget",Financials[#Headers],0)) -> 1.8 | I34: =INDEX(financials!A:E,MATCH(Movies[[#This Row],[movie_id]],Financials[[#All],[movie_id]],0),MATCH("revenue",Financials[#Headers],0)) -> 6.5 | J34: =INDEX(financials!A:E,MATCH(Movies[[#This Row],[movie_id]],Financials[[#All],[movie_id]],0),MATCH("unit",Financials[#Headers],0)) -> Billions | K34: =INDEX(financials!A:E,MATCH(Movies[[#This Row],[movie_id]],Financials[[#All],[movie_id]],0),MATCH("currency",Financials[#Headers],0)) -> INR | L34: =INDEX(movie_actor!A:B,MATCH(Movies[[#This Row],[movie_id]],movie_actor!A:A,0),MATCH("actor_id",movieactor[#Headers],0)) -> 160 | M34: =INDEX(actors!A:C,MATCH(Movies[[#This Row],[actor_id]],actors[[#All],[actor_id]],0),MATCH("name",actors[#Headers],0)) -> Prabhas | N34: =INDEX(actors!A:C,MATCH(Movies[[#This Row],[actor_id]],actors[[#All],[actor_id]],0),MATCH("birth_year",actors[#Headers],0)) -> 1979 | O34: =INDEX(languages!A:B,MATCH(Movies[[#This Row],[language_id]],languages!A:A,0),MATCH("language_name",languages[#Headers],0)) -> Telugu
A35: 135 | B35: The Kashmir Files | C35: Bollywood | D35: 2022 | E35: 8.3 | F35: Zee Studios | G35: 1 | H35: =INDEX(financials!A:E,MATCH(Movies[[#This Row],[movie_id]],Financials[[#All],[movie_id]],0),MATCH("budget",Financials[#Headers],0)) -> 250 | I35: =INDEX(financials!A:E,MATCH(Movies[[#This Row],[movie_id]],Financials[[#All],[movie_id]],0),MATCH("revenue",Financials[#Headers],0)) -> 3409 | J35: =INDEX(financials!A:E,MATCH(Movies[[#This Row],[movie_id]],Financials[[#All],[movie_id]],0),MATCH("unit",Financials[#Headers],0)) -> Millions | K35: =INDEX(financials!A:E,MATCH(Movies[[#This Row],[movie_id]],Financials[[#All],[movie_id]],0),MATCH("currency",Financials[#Headers],0)) -> INR | L35: =INDEX(movie_actor!A:B,MATCH(Movies[[#This Row],[movie_id]],movie_actor!A:A,0),MATCH("actor_id",movieactor[#Headers],0)) -> 162 | M35: =INDEX(actors!A:C,MATCH(Movies[[#This Row],[actor_id]],actors[[#All],[actor_id]],0),MATCH("name",actors[#Headers],0)) -> Mithun Chakraborty | N35: =INDEX(actors!A:C,MATCH(Movies[[#This Row],[actor_id]],actors[[#All],[actor_id]],0),MATCH("birth_year",actors[#Headers],0)) -> 1950 | O35: =INDEX(languages!A:B,MATCH(Movies[[#This Row],[language_id]],languages!A:A,0),MATCH("language_name",languages[#Headers],0)) -> Hindi
A36: 136 | B36: Bajrangi Bhaijaan | C36: Bollywood | D36: 2015 | E36: 8.1 | F36: Salman Khan Films | G36: 1 | H36: =INDEX(financials!A:E,MATCH(Movies[[#This Row],[movie_id]],Financials[[#All],[movie_id]],0),MATCH("budget",Financials[#Headers],0)) -> 900 | I36: =INDEX(financials!A:E,MATCH(Movies[[#This Row],[movie_id]],Financials[[#All],[movie_id]],0),MATCH("revenue",Financials[#Headers],0)) -> 11690 | J36: =INDEX(financials!A:E,MATCH(Movies[[#This Row],[movie_id]],Financials[[#All],[movie_id]],0),MATCH("unit",Financials[#Headers],0)) -> Millions | K36: =INDEX(financials!A:E,MATCH(Movies[[#This Row],[movie_id]],Financials[[#All],[movie_id]],0),MATCH("currency",Financials[#Headers],0)) -> INR | L36: =INDEX(movie_actor!A:B,MATCH(Movies[[#This Row],[movie_id]],movie_actor!A:A,0),MATCH("actor_id",movieactor[#Headers],0)) -> 164 | M36: =INDEX(actors!A:C,MATCH(Movies[[#This Row],[actor_id]],actors[[#All],[actor_id]],0),MATCH("name",actors[#Headers],0)) -> Salman Khan | N36: =INDEX(actors!A:C,MATCH(Movies[[#This Row],[actor_id]],actors[[#All],[actor_id]],0),MATCH("birth_year",actors[#Headers],0)) -> 1965 | O36: =INDEX(languages!A:B,MATCH(Movies[[#This Row],[language_id]],languages!A:A,0),MATCH("language_name",languages[#Headers],0)) -> Hindi
A37: 137 | B37: Captain America: The First Avenger | C37: Hollywood | D37: 2011 | E37: 6.9 | F37: Marvel Studios | G37: 5 | H37: =INDEX(financials!A:E,MATCH(Movies[[#This Row],[movie_id]],Financials[[#All],[movie_id]],0),MATCH("budget",Financials[#Headers],0)) -> 216.7 | I37: =INDEX(financials!A:E,MATCH(Movies[[#This Row],[movie_id]],Financials[[#All],[movie_id]],0),MATCH("revenue",Financials[#Headers],0)) -> 370.6 | J37: =INDEX(financials!A:E,MATCH(Movies[[#This Row],[movie_id]],Financials[[#All],[movie_id]],0),MATCH("unit",Financials[#Headers],0)) -> Millions | K37: =INDEX(financials!A:E,MATCH(Movies[[#This Row],[movie_id]],Financials[[#All],[movie_id]],0),MATCH("currency",Financials[#Headers],0)) -> USD | L37: =INDEX(movie_actor!A:B,MATCH(Movies[[#This Row],[movie_id]],movie_actor!A:A,0),MATCH("actor_id",movieactor[#Headers],0)) -> 95 | M37: =INDEX(actors!A:C,MATCH(Movies[[#This Row],[actor_id]],actors[[#All],[actor_id]],0),MATCH("name",actors[#Headers],0)) -> Chris Evans | N37: =INDEX(actors!A:C,MATCH(Movies[[#This Row],[actor_id]],actors[[#All],[actor_id]],0),MATCH("birth_year",actors[#Headers],0)) -> 1981 | O37: =INDEX(languages!A:B,MATCH(Movies[[#This Row],[language_id]],languages!A:A,0),MATCH("language_name",languages[#Headers],0)) -> English
A38: 138 | B38: Captain America: The Winter Soldier | C38: Hollywood | D38: 2014 | E38: 7.8 | F38: Marvel Studios | G38: 5 | H38: =INDEX(financials!A:E,MATCH(Movies[[#This Row],[movie_id]],Financials[[#All],[movie_id]],0),MATCH("budget",Financials[#Headers],0)) -> 177 | I38: =INDEX(financials!A:E,MATCH(Movies[[#This Row],[movie_id]],Financials[[#All],[movie_id]],0),MATCH("revenue",Financials[#Headers],0)) -> 714.4 | J38: =INDEX(financials!A:E,MATCH(Movies[[#This Row],[movie_id]],Financials[[#All],[movie_id]],0),MATCH("unit",Financials[#Headers],0)) -> Millions | K38: =INDEX(financials!A:E,MATCH(Movies[[#This Row],[movie_id]],Financials[[#All],[movie_id]],0),MATCH("currency",Financials[#Headers],0)) -> USD | L38: =INDEX(movie_actor!A:B,MATCH(Movies[[#This Row],[movie_id]],movie_actor!A:A,0),MATCH("actor_id",movieactor[#Headers],0)) -> 95 | M38: =INDEX(actors!A:C,MATCH(Movies[[#This Row],[actor_id]],actors[[#All],[actor_id]],0),MATCH("name",actors[#Headers],0)) -> Chris Evans | N38: =INDEX(actors!A:C,MATCH(Movies[[#This Row],[actor_id]],actors[[#All],[actor_id]],0),MATCH("birth_year",actors[#Headers],0)) -> 1981 | O38: =INDEX(languages!A:B,MATCH(Movies[[#This Row],[language_id]],languages!A:A,0),MATCH("language_name",languages[#Headers],0)) -> English
A39: 139 | B39: Race 3 | C39: Bollywood | D39: 2018 | E39: 1.9 | F39: Salman Khan Films | G39: 1 | H39: =INDEX(financials!A:E,MATCH(Movies[[#This Row],[movie_id]],Financials[[#All],[movie_id]],0),MATCH("budget",Financials[#Headers],0)) -> 1.8 | I39: =INDEX(financials!A:E,MATCH(Movies[[#This Row],[movie_id]],Financials[[#All],[movie_id]],0),MATCH("revenue",Financials[#Headers],0)) -> 3.1 | J39: =INDEX(financials!A:E,MATCH(Movies[[#This Row],[movie_id]],Financials[[#All],[movie_id]],0),MATCH("unit",Financials[#Headers],0)) -> Billions | K39: =INDEX(financials!A:E,MATCH(Movies[[#This Row],[movie_id]],Financials[[#All],[movie_id]],0),MATCH("currency",Financials[#Headers],0)) -> INR | L39: =INDEX(movie_actor!A:B,MATCH(Movies[[#This Row],[movie_id]],movie_actor!A:A,0),MATCH("actor_id",movieactor[#Headers],0)) -> 164 | M39: =INDEX(actors!A:C,MATCH(Movies[[#This Row],[actor_id]],actors[[#All],[actor_id]],0),MATCH("name",actors[#Headers],0)) -> Salman Khan | N39: =INDEX(actors!A:C,MATCH(Movies[[#This Row],[actor_id]],actors[[#All],[actor_id]],0),MATCH("birth_year",actors[#Headers],0)) -> 1965 | O39: =INDEX(languages!A:B,MATCH(Movies[[#This Row],[language_id]],languages!A:A,0),MATCH("language_name",languages[#Headers],0)) -> Hindi
A40: 140 | B40: Shershaah | C40: Bollywood | D40: 2021 | E40: 8.4 | F40: Dharma Productions | G40: 1 | H40: =INDEX(financials!A:E,MATCH(Movies[[#This Row],[movie_id]],Financials[[#All],[movie_id]],0),MATCH("budget",Financials[#Headers],0)) -> 500 | I40: =INDEX(financials!A:E,MATCH(Movies[[#This Row],[movie_id]],Financials[[#All],[movie_id]],0),MATCH("revenue",Financials[#Headers],0)) -> 950 | J40: =INDEX(financials!A:E,MATCH(Movies[[#This Row],[movie_id]],Financials[[#All],[movie_id]],0),MATCH("unit",Financials[#Headers],0)) -> Millions | K40: =INDEX(financials!A:E,MATCH(Movies[[#This Row],[movie_id]],Financials[[#All],[movie_id]],0),MATCH("currency",Financials[#Headers],0)) -> INR | L40: =INDEX(movie_actor!A:B,MATCH(Movies[[#This Row],[movie_id]],movie_actor!A:A,0),MATCH("actor_id",movieactor[#Headers],0)) -> 169 | M40: =INDEX(actors!A:C,MATCH(Movies[[#This Row],[actor_id]],actors[[#All],[actor_id]],0),MATCH("name",actors[#Headers],0)) -> Sidharth Malhotra | N40: =INDEX(actors!A:C,MATCH(Movies[[#This Row],[actor_id]],actors[[#All],[actor_id]],0),MATCH("birth_year",actors[#Headers],0)) -> 1985 | O40: =INDEX(languages!A:B,MATCH(Movies[[#This Row],[language_id]],languages!A:A,0),MATCH("language_name",languages[#Headers],0)) -> Hindi

Sheet financials
A1: movie_id | B1: budget | C1: revenue | D1: unit | E1: currency
A2: 101 | B2: 1 | C2: 12.5 | D2: Billions | E2: INR
A3: 102 | B3: 200 | C3: 954.8 | D3: Millions | E3: USD
A4: 103 | B4: 165 | C4: 644.8 | D4: Millions | E4: USD
A5: 104 | B5: 180 | C5: 854 | D5: Millions | E5: USD
A6: 105 | B6: 250 | C6: 670 | D6: Millions | E6: USD
A7: 107 | B7: 400 | C7: 2000 | D7: Millions | E7: INR
A8: 108 | B8: 550 | C8: 4000 | D8: Millions | E8: INR
A9: 109 | B9: 390 | C9: 1360 | D9: Millions | E9: INR
A10: 110 | B10: 1.4 | C10: 3.5 | D10: Billions | E10: INR
A11: 111 | B11: 25 | C11: 73.3 | D11: Millions | E11: USD
A12: 113 | B12: 165 | C12: 701.8 | D12: Millions | E12: USD
A13: 114 | B13: 205 | C13: 365.3 | D13: Millions | E13: USD
... A41: 412 | B41: 160 | C41: 836.8 | D41: Millions | E41: USD

Sheet actors
A1: actor_id | B1: name | C1: birth_year
A2: 50 | B2: Yash | C2: 1986
A3: 51 | B3: Sanjay Dutt | C3: 1959
A4: 52 | B4: Benedict Cumberbatch | C4: 1976
A5: 53 | B5: Elizabeth Olsen | C5: 1989
A6: 54 | B6: Chris Hemsworth | C6: 1983
A7: 55 | B7: Natalie Portman | C7: 1981
A8: 56 | B8: Tom Hiddleston | C8: 1981
A9: 57 | B9: Amitabh Bachchan | C9: 1942
A10: 58 | B10: Jaya Bachchan | C10: 1948
A11: 59 | B11: Shah Rukh Khan | C11: 1965
A12: 60 | B12: Kajol | C12: 1974
A13: 61 | B13: Aamir Khan | C13: 1965
... A68: 170 | B68: Kiara Advani | C68: 1991

Sheet movie_actor
A1: movie_id | B1: actor_id
A2: 101 | B2: 50
A3: 101 | B3: 51
A4: 102 | B4: 52
A5: 102 | B5: 53
A6: 103 | B6: 54
A7: 103 | B7: 55
A8: 103 | B8: 56
A9: 104 | B9: 54
A10: 104 | B10: 56
A11: 105 | B11: 54
A12: 105 | B12: 55
A13: 106 | B13: 57
... A86: 140 | B86: 170

Sheet languages
A1: language_id | B1: language_name
A2: 1 | B2: Hindi
A3: 2 | B3: Telugu
A4: 3 | B4: Kannada
A5: 4 | B5: Tamil
A6: 5 | B6: English
A7: 6 | B7: French
A8: 7 | B8: Bengali
A9: 8 | B9: Gujarati
